time,enemyId,aiType,action,activeGlitch,health,distToPlayer,canSeePlayer,playerHealth,damageDealt,topUtilityScore,secondScore,seed
0.00,Player,Player,-,None,1.00,,0,1.00,,,,460502312
0.00,FSM Enemy 9,FSM,PatrolState,None,1.00,33.4,0,1.00,0,,,460502312
0.00,FSM Enemy 14,FSM,PatrolState,None,1.00,75.0,0,1.00,0,,,460502312
0.00,FSM Enemy 3,FSM,PatrolState,None,1.00,82.0,0,1.00,0,,,460502312
0.00,FSM Enemy 8,FSM,PatrolState,None,1.00,48.1,0,1.00,0,,,460502312
0.00,FSM Enemy 12,FSM,PatrolState,None,1.00,38.1,0,1.00,0,,,460502312
0.00,FSM Enemy 4,FSM,PatrolState,None,1.00,48.9,0,1.00,0,,,460502312
0.00,FSM Enemy 7,FSM,PatrolState,None,1.00,28.1,0,1.00,0,,,460502312
0.00,FSM Enemy 15,FSM,PatrolState,None,1.00,28.5,0,1.00,0,,,460502312
0.00,FSM Enemy 5,FSM,PatrolState,None,1.00,69.3,0,1.00,0,,,460502312
0.00,FSM Enemy 10,FSM,PatrolState,None,1.00,66.4,0,1.00,0,,,460502312
0.00,FSM Enemy 6,FSM,PatrolState,None,1.00,28.1,0,1.00,0,,,460502312
0.00,FSM Enemy 2,FSM,PatrolState,None,1.00,89.4,0,1.00,0,,,460502312
0.00,FSM Enemy 1,FSM,PatrolState,None,1.00,89.4,0,1.00,0,,,460502312
0.00,FSM Enemy 13,FSM,PatrolState,None,1.00,49.2,0,1.00,0,,,460502312
0.00,FSM Enemy 11,FSM,PatrolState,None,1.00,37.9,0,1.00,0,,,460502312
0.00,Utility Enemy 15,Utility,PatrolAction,None,1.00,80.1,0,1.00,0,0.120,0.000,460502312
0.00,Utility Enemy 2,Utility,PatrolAction,None,1.00,84.4,0,1.00,0,0.120,0.000,460502312
0.00,Utility Enemy 3,Utility,PatrolAction,None,1.00,62.9,0,1.00,0,0.120,0.000,460502312
0.00,Utility Enemy 14,Utility,PatrolAction,None,1.00,50.6,0,1.00,0,0.120,0.000,460502312
0.00,Utility Enemy 12,Utility,PatrolAction,None,1.00,33.7,0,1.00,0,0.120,0.000,460502312
0.00,Utility Enemy 10,Utility,PatrolAction,None,1.00,30.2,0,1.00,0,0.120,0.000,460502312
0.00,Utility Enemy 7,Utility,PatrolAction,None,1.00,42.0,0,1.00,0,0.120,0.000,460502312
0.00,Utility Enemy 9,Utility,PatrolAction,None,1.00,44.6,0,1.00,0,0.120,0.000,460502312
0.00,Utility Enemy 11,Utility,PatrolAction,None,1.00,33.7,0,1.00,0,0.120,0.000,460502312
0.00,Utility Enemy 1,Utility,PatrolAction,None,1.00,84.4,0,1.00,0,0.120,0.000,460502312
0.00,Utility Enemy 6,Utility,PatrolAction,None,1.00,42.0,0,1.00,0,0.120,0.000,460502312
0.00,Utility Enemy 4,Utility,PatrolAction,None,1.00,62.9,0,1.00,0,0.120,0.000,460502312
0.00,Utility Enemy 8,Utility,PatrolAction,None,1.00,77.4,0,1.00,0,0.120,0.000,460502312
0.00,Utility Enemy 13,Utility,PatrolAction,None,1.00,50.6,0,1.00,0,0.120,0.000,460502312
0.00,Utility Enemy 5,Utility,PatrolAction,None,1.00,84.0,0,1.00,0,0.120,0.000,460502312
1.00,Player,Player,-,None,1.00,,0,1.00,,,,460502312
1.00,FSM Enemy 9,FSM,PatrolState,None,1.00,32.4,0,1.00,0,,,460502312
1.00,FSM Enemy 14,FSM,PatrolState,None,1.00,72.7,0,1.00,0,,,460502312
1.00,FSM Enemy 3,FSM,PatrolState,None,1.00,84.0,0,1.00,0,,,460502312
1.00,FSM Enemy 8,FSM,PatrolState,None,1.00,50.3,0,1.00,0,,,460502312
1.00,FSM Enemy 12,FSM,PatrolState,None,1.00,38.7,0,1.00,0,,,460502312
1.00,FSM Enemy 4,FSM,PatrolState,None,1.00,50.4,0,1.00,0,,,460502312
1.00,FSM Enemy 7,FSM,PatrolState,None,1.00,28.2,0,1.00,0,,,460502312
1.00,FSM Enemy 15,FSM,PatrolState,None,1.00,30.5,0,1.00,0,,,460502312
1.00,FSM Enemy 5,FSM,PatrolState,None,1.00,67.5,0,1.00,0,,,460502312
1.00,FSM Enemy 10,FSM,PatrolState,None,1.00,68.8,0,1.00,0,,,460502312
1.00,FSM Enemy 6,FSM,PatrolState,None,1.00,29.8,0,1.00,0,,,460502312
1.00,FSM Enemy 2,FSM,PatrolState,None,1.00,88.1,0,1.00,0,,,460502312
1.00,FSM Enemy 1,FSM,PatrolState,None,1.00,89.9,0,1.00,0,,,460502312
1.00,FSM Enemy 13,FSM,PatrolState,None,1.00,50.9,0,1.00,0,,,460502312
1.00,FSM Enemy 11,FSM,PatrolState,None,1.00,36.2,0,1.00,0,,,460502312
1.00,Utility Enemy 15,Utility,PatrolAction,None,1.00,80.6,0,1.00,0,0.120,0.000,460502312
1.00,Utility Enemy 2,Utility,PatrolAction,None,1.00,82.2,0,1.00,0,0.120,0.000,460502312
1.00,Utility Enemy 3,Utility,PatrolAction,None,1.00,61.0,0,1.00,0,0.120,0.000,460502312
1.00,Utility Enemy 14,Utility,PatrolAction,None,1.00,48.6,0,1.00,0,0.120,0.000,460502312
1.00,Utility Enemy 12,Utility,PatrolAction,None,1.00,34.8,0,1.00,0,0.120,0.000,460502312
1.00,Utility Enemy 10,Utility,PatrolAction,None,1.00,30.0,0,1.00,0,0.120,0.000,460502312
1.00,Utility Enemy 7,Utility,PatrolAction,None,1.00,45.1,0,1.00,0,0.120,0.000,460502312
1.00,Utility Enemy 9,Utility,PatrolAction,None,1.00,47.1,0,1.00,0,0.120,0.000,460502312
1.00,Utility Enemy 11,Utility,PatrolAction,None,1.00,37.4,0,1.00,0,0.120,0.000,460502312
1.00,Utility Enemy 1,Utility,PatrolAction,None,1.00,87.9,0,1.00,0,0.120,0.000,460502312
1.00,Utility Enemy 6,Utility,PatrolAction,None,1.00,43.1,0,1.00,0,0.120,0.000,460502312
1.00,Utility Enemy 4,Utility,PatrolAction,None,1.00,66.6,0,1.00,0,0.120,0.000,460502312
1.00,Utility Enemy 8,Utility,PatrolAction,None,1.00,76.9,0,1.00,0,0.120,0.000,460502312
1.00,Utility Enemy 13,Utility,PatrolAction,None,1.00,50.3,0,1.00,0,0.120,0.000,460502312
1.00,Utility Enemy 5,Utility,PatrolAction,None,1.00,87.0,0,1.00,0,0.120,0.000,460502312
2.00,Player,Player,-,None,1.00,,0,1.00,,,,460502312
2.00,FSM Enemy 9,FSM,PatrolState,None,1.00,27.0,0,1.00,0,,,460502312
2.00,FSM Enemy 14,FSM,PatrolState,None,1.00,65.3,0,1.00,0,,,460502312
2.00,FSM Enemy 3,FSM,PatrolState,None,1.00,81.7,0,1.00,0,,,460502312
2.00,FSM Enemy 8,FSM,PatrolState,None,1.00,48.9,0,1.00,0,,,460502312
2.00,FSM Enemy 12,FSM,PatrolState,None,1.00,38.7,0,1.00,0,,,460502312
2.00,FSM Enemy 4,FSM,PatrolState,None,1.00,47.8,0,1.00,0,,,460502312
2.00,FSM Enemy 7,FSM,PatrolState,None,1.00,32.1,0,1.00,0,,,460502312
2.00,FSM Enemy 15,FSM,PatrolState,None,1.00,31.8,0,1.00,0,,,460502312
2.00,FSM Enemy 5,FSM,PatrolState,None,1.00,63.8,0,1.00,0,,,460502312
2.00,FSM Enemy 10,FSM,PatrolState,None,1.00,66.3,0,1.00,0,,,460502312
2.00,FSM Enemy 6,FSM,PatrolState,None,1.00,29.6,0,1.00,0,,,460502312
2.00,FSM Enemy 2,FSM,PatrolState,None,1.00,81.4,0,1.00,0,,,460502312
2.00,FSM Enemy 1,FSM,PatrolState,None,1.00,88.6,0,1.00,0,,,460502312
2.00,FSM Enemy 13,FSM,PatrolState,None,1.00,53.0,0,1.00,0,,,460502312
2.00,FSM Enemy 11,FSM,PatrolState,None,1.00,38.0,0,1.00,0,,,460502312
2.00,Utility Enemy 15,Utility,PatrolAction,None,1.00,78.9,0,1.00,0,0.120,0.000,460502312
2.00,Utility Enemy 2,Utility,PatrolAction,None,1.00,78.2,0,1.00,0,0.120,0.000,460502312
2.00,Utility Enemy 3,Utility,PatrolAction,None,1.00,53.8,0,1.00,0,0.120,0.000,460502312
2.00,Utility Enemy 14,Utility,PatrolAction,None,1.00,43.6,0,1.00,0,0.120,0.000,460502312
2.00,Utility Enemy 12,Utility,PatrolAction,None,1.00,31.4,0,1.00,0,0.120,0.000,460502312
2.00,Utility Enemy 10,Utility,PatrolAction,None,1.00,31.3,0,1.00,0,0.120,0.000,460502312
2.00,Utility Enemy 7,Utility,PatrolAction,None,1.00,46.1,0,1.00,0,0.120,0.000,460502312
2.00,Utility Enemy 9,Utility,PatrolAction,None,1.00,42.2,0,1.00,0,0.120,0.000,460502312
2.00,Utility Enemy 11,Utility,PatrolAction,None,1.00,43.3,0,1.00,0,0.120,0.000,460502312
2.00,Utility Enemy 1,Utility,PatrolAction,None,1.00,87.1,0,1.00,0,0.120,0.000,460502312
2.00,Utility Enemy 6,Utility,PatrolAction,None,1.00,48.6,0,1.00,0,0.120,0.000,460502312
2.00,Utility Enemy 4,Utility,PatrolAction,None,1.00,69.1,0,1.00,0,0.120,0.000,460502312
2.00,Utility Enemy 8,Utility,PatrolAction,None,1.00,73.0,0,1.00,0,0.120,0.000,460502312
2.00,Utility Enemy 13,Utility,PatrolAction,None,1.00,51.0,0,1.00,0,0.120,0.000,460502312
2.00,Utility Enemy 5,Utility,PatrolAction,None,1.00,83.1,0,1.00,0,0.120,0.000,460502312
3.01,Player,Player,-,None,1.00,,0,1.00,,,,460502312
3.01,FSM Enemy 9,FSM,PatrolState,None,1.00,20.8,0,1.00,0,,,460502312
3.01,FSM Enemy 14,FSM,PatrolState,None,1.00,55.2,0,1.00,0,,,460502312
3.01,FSM Enemy 3,FSM,PatrolState,None,1.00,73.9,0,1.00,0,,,460502312
3.01,FSM Enemy 8,FSM,PatrolState,None,1.00,46.9,0,1.00,0,,,460502312
3.01,FSM Enemy 12,FSM,PatrolState,None,1.00,38.2,0,1.00,0,,,460502312
3.01,FSM Enemy 4,FSM,PatrolState,None,1.00,39.5,0,1.00,0,,,460502312
3.01,FSM Enemy 7,FSM,PatrolState,None,1.00,38.7,0,1.00,0,,,460502312
3.01,FSM Enemy 15,FSM,PatrolState,None,1.00,34.7,0,1.00,0,,,460502312
3.01,FSM Enemy 5,FSM,PatrolState,None,1.00,63.4,0,1.00,0,,,460502312
3.01,FSM Enemy 10,FSM,PatrolState,None,1.00,60.8,0,1.00,0,,,460502312
3.01,FSM Enemy 6,FSM,PatrolState,None,1.00,27.6,0,1.00,0,,,460502312
3.01,FSM Enemy 2,FSM,PatrolState,None,1.00,72.4,0,1.00,0,,,460502312
3.01,FSM Enemy 1,FSM,PatrolState,None,1.00,87.0,0,1.00,0,,,460502312
3.01,FSM Enemy 13,FSM,PatrolState,None,1.00,56.8,0,1.00,0,,,460502312
3.01,FSM Enemy 11,FSM,PatrolState,None,1.00,44.1,0,1.00,0,,,460502312
3.01,Utility Enemy 15,Utility,PatrolAction,None,1.00,78.1,0,1.00,0,0.120,0.000,460502312
3.01,Utility Enemy 2,Utility,PatrolAction,None,1.00,75.7,0,1.00,0,0.120,0.000,460502312
3.01,Utility Enemy 3,Utility,PatrolAction,None,1.00,43.7,0,1.00,0,0.120,0.000,460502312
3.01,Utility Enemy 14,Utility,PatrolAction,None,1.00,37.6,0,1.00,0,0.120,0.000,460502312
3.01,Utility Enemy 12,Utility,PatrolAction,None,1.00,21.6,0,1.00,0,0.120,0.000,460502312
3.01,Utility Enemy 10,Utility,PatrolAction,None,1.00,33.4,0,1.00,0,0.120,0.000,460502312
3.01,Utility Enemy 7,Utility,PatrolAction,None,1.00,42.2,0,1.00,0,0.120,0.000,460502312
3.01,Utility Enemy 9,Utility,PatrolAction,None,1.00,36.8,0,1.00,0,0.120,0.000,460502312
3.01,Utility Enemy 11,Utility,PatrolAction,None,1.00,44.9,0,1.00,0,0.120,0.000,460502312
3.01,Utility Enemy 1,Utility,PatrolAction,None,1.00,81.0,0,1.00,0,0.120,0.000,460502312
3.01,Utility Enemy 6,Utility,PatrolAction,None,1.00,54.2,0,1.00,0,0.120,0.000,460502312
3.01,Utility Enemy 4,Utility,PatrolAction,None,1.00,66.4,0,1.00,0,0.120,0.000,460502312
3.01,Utility Enemy 8,Utility,PatrolAction,None,1.00,67.8,0,1.00,0,0.120,0.000,460502312
3.01,Utility Enemy 13,Utility,PatrolAction,None,1.00,50.7,0,1.00,0,0.120,0.000,460502312
3.01,Utility Enemy 5,Utility,PatrolAction,None,1.00,73.2,0,1.00,0,0.120,0.000,460502312
4.01,Player,Player,-,None,1.00,,0,1.00,,,,460502312
4.01,FSM Enemy 9,FSM,PatrolState,None,1.00,15.2,0,1.00,0,,,460502312
4.01,FSM Enemy 14,FSM,PatrolState,None,1.00,45.3,0,1.00,0,,,460502312
4.01,FSM Enemy 3,FSM,PatrolState,None,1.00,66.1,0,1.00,0,,,460502312
4.01,FSM Enemy 8,FSM,PatrolState,None,1.00,45.8,0,1.00,0,,,460502312
4.01,FSM Enemy 12,FSM,PatrolState,None,1.00,39.5,0,1.00,0,,,460502312
4.01,FSM Enemy 4,FSM,PatrolState,None,1.00,31.3,0,1.00,0,,,460502312
4.01,FSM Enemy 7,FSM,PatrolState,None,1.00,44.8,0,1.00,0,,,460502312
4.01,FSM Enemy 15,FSM,PatrolState,None,1.00,38.1,0,1.00,0,,,460502312
4.01,FSM Enemy 5,FSM,PatrolState,None,1.00,64.3,0,1.00,0,,,460502312
4.01,FSM Enemy 10,FSM,PatrolState,None,1.00,53.0,0,1.00,0,,,460502312
4.01,FSM Enemy 6,FSM,PatrolState,None,1.00,27.6,0,1.00,0,,,460502312
4.01,FSM Enemy 2,FSM,PatrolState,None,1.00,63.7,0,1.00,0,,,460502312
4.01,FSM Enemy 1,FSM,PatrolState,None,1.00,84.8,0,1.00,0,,,460502312
4.01,FSM Enemy 13,FSM,PatrolState,None,1.00,61.0,0,1.00,0,,,460502312
4.01,FSM Enemy 11,FSM,PatrolState,None,1.00,51.9,0,1.00,0,,,460502312
4.01,Utility Enemy 15,Utility,PatrolAction,None,1.00,80.8,0,1.00,0,0.120,0.000,460502312
4.01,Utility Enemy 2,Utility,PatrolAction,None,1.00,72.1,0,1.00,0,0.120,0.000,460502312
4.01,Utility Enemy 3,Utility,PatrolAction,None,1.00,31.9,0,1.00,0,0.120,0.000,460502312
4.01,Utility Enemy 14,Utility,PatrolAction,None,1.00,27.9,0,1.00,0,0.120,0.000,460502312
4.01,Utility Enemy 12,Utility,SpreadFireAction,None,1.00,15.1,1,1.00,0,0.165,0.125,460502312
4.01,Utility Enemy 10,Utility,PatrolAction,None,1.00,36.5,0,1.00,0,0.120,0.000,460502312
4.01,Utility Enemy 7,Utility,PatrolAction,None,1.00,38.7,0,1.00,0,0.120,0.000,460502312
4.01,Utility Enemy 9,Utility,PatrolAction,None,1.00,36.8,0,1.00,0,0.120,0.000,460502312
4.01,Utility Enemy 11,Utility,PatrolAction,None,1.00,45.4,0,1.00,0,0.120,0.000,460502312
4.01,Utility Enemy 1,Utility,PatrolAction,None,1.00,76.6,0,1.00,0,0.120,0.000,460502312
4.01,Utility Enemy 6,Utility,PatrolAction,None,1.00,55.1,0,1.00,0,0.120,0.000,460502312
4.01,Utility Enemy 4,Utility,PatrolAction,None,1.00,63.3,0,1.00,0,0.120,0.000,460502312
4.01,Utility Enemy 8,Utility,PatrolAction,None,1.00,62.2,0,1.00,0,0.120,0.000,460502312
4.01,Utility Enemy 13,Utility,PatrolAction,None,1.00,50.2,0,1.00,0,0.120,0.000,460502312
4.01,Utility Enemy 5,Utility,PatrolAction,None,1.00,64.3,0,1.00,0,0.120,0.000,460502312
5.01,Player,Player,-,None,1.00,,0,1.00,,,,460502312
5.01,FSM Enemy 9,FSM,ChaseState,None,1.00,10.2,0,1.00,0,,,460502312
5.01,FSM Enemy 14,FSM,PatrolState,None,1.00,40.3,0,1.00,0,,,460502312
5.01,FSM Enemy 3,FSM,PatrolState,None,1.00,58.6,0,1.00,0,,,460502312
5.01,FSM Enemy 8,FSM,PatrolState,None,1.00,40.2,0,1.00,0,,,460502312
5.01,FSM Enemy 12,FSM,PatrolState,None,1.00,40.7,0,1.00,0,,,460502312
5.01,FSM Enemy 4,FSM,PatrolState,None,1.00,25.3,0,1.00,0,,,460502312
5.01,FSM Enemy 7,FSM,PatrolState,None,1.00,49.0,0,1.00,0,,,460502312
5.01,FSM Enemy 15,FSM,PatrolState,None,1.00,38.8,0,1.00,0,,,460502312
5.01,FSM Enemy 5,FSM,PatrolState,None,1.00,64.1,0,1.00,0,,,460502312
5.01,FSM Enemy 10,FSM,PatrolState,None,1.00,44.7,0,1.00,0,,,460502312
5.01,FSM Enemy 6,FSM,PatrolState,None,1.00,32.0,0,1.00,0,,,460502312
5.01,FSM Enemy 2,FSM,PatrolState,None,1.00,57.5,0,1.00,0,,,460502312
5.01,FSM Enemy 1,FSM,PatrolState,None,1.00,81.9,0,1.00,0,,,460502312
5.01,FSM Enemy 13,FSM,PatrolState,None,1.00,61.1,0,1.00,0,,,460502312
5.01,FSM Enemy 11,FSM,PatrolState,None,1.00,58.1,0,1.00,0,,,460502312
5.01,Utility Enemy 15,Utility,PatrolAction,None,1.00,80.6,0,1.00,0,0.120,0.000,460502312
5.01,Utility Enemy 2,Utility,PatrolAction,None,1.00,65.6,0,1.00,0,0.120,0.000,460502312
5.01,Utility Enemy 3,Utility,PatrolAction,None,1.00,21.9,0,1.00,0,0.120,0.000,460502312
5.01,Utility Enemy 14,Utility,PatrolAction,None,1.00,20.4,0,1.00,0,0.120,0.000,460502312
5.01,Utility Enemy 12,Utility,SpreadFireAction,None,1.00,16.0,1,1.00,0,0.173,0.134,460502312
5.01,Utility Enemy 10,Utility,PatrolAction,None,1.00,37.1,0,1.00,0,0.120,0.000,460502312
5.01,Utility Enemy 7,Utility,PatrolAction,None,1.00,39.4,0,1.00,0,0.120,0.000,460502312
5.01,Utility Enemy 9,Utility,PatrolAction,None,1.00,39.5,0,1.00,0,0.120,0.000,460502312
5.01,Utility Enemy 11,Utility,PatrolAction,None,1.00,45.4,0,1.00,0,0.120,0.000,460502312
5.01,Utility Enemy 1,Utility,PatrolAction,None,1.00,74.9,0,1.00,0,0.120,0.000,460502312
5.01,Utility Enemy 6,Utility,PatrolAction,None,1.00,56.4,0,1.00,0,0.120,0.000,460502312
5.01,Utility Enemy 4,Utility,PatrolAction,None,1.00,61.9,0,1.00,0,0.120,0.000,460502312
5.01,Utility Enemy 8,Utility,PatrolAction,None,1.00,58.7,0,1.00,0,0.120,0.000,460502312
5.01,Utility Enemy 13,Utility,PatrolAction,None,1.00,49.0,0,1.00,0,0.120,0.000,460502312
5.01,Utility Enemy 5,Utility,PatrolAction,None,1.00,61.6,0,1.00,0,0.120,0.000,460502312
6.02,Player,Player,-,None,1.00,,0,1.00,,,,460502312
6.02,FSM Enemy 9,FSM,ChaseState,None,1.00,6.3,0,1.00,0,,,460502312
6.02,FSM Enemy 14,FSM,PatrolState,None,1.00,41.8,0,1.00,0,,,460502312
6.02,FSM Enemy 3,FSM,PatrolState,None,1.00,57.1,0,1.00,0,,,460502312
6.02,FSM Enemy 8,FSM,PatrolState,None,1.00,37.7,0,1.00,0,,,460502312
6.02,FSM Enemy 12,FSM,PatrolState,None,1.00,38.3,0,1.00,0,,,460502312
6.02,FSM Enemy 4,FSM,PatrolState,None,1.00,22.8,0,1.00,0,,,460502312
6.02,FSM Enemy 7,FSM,PatrolState,None,1.00,49.2,0,1.00,0,,,460502312
6.02,FSM Enemy 15,FSM,PatrolState,None,1.00,38.6,0,1.00,0,,,460502312
6.02,FSM Enemy 5,FSM,PatrolState,None,1.00,63.5,0,1.00,0,,,460502312
6.02,FSM Enemy 10,FSM,PatrolState,None,1.00,42.2,0,1.00,0,,,460502312
6.02,FSM Enemy 6,FSM,PatrolState,None,1.00,33.8,0,1.00,0,,,460502312
6.02,FSM Enemy 2,FSM,PatrolState,None,1.00,58.3,0,1.00,0,,,460502312
6.02,FSM Enemy 1,FSM,PatrolState,None,1.00,81.4,0,1.00,0,,,460502312
6.02,FSM Enemy 13,FSM,PatrolState,None,1.00,61.2,0,1.00,0,,,460502312
6.02,FSM Enemy 11,FSM,PatrolState,None,1.00,60.4,0,1.00,0,,,460502312
6.02,Utility Enemy 15,Utility,PatrolAction,None,1.00,81.8,0,1.00,0,0.120,0.000,460502312
6.02,Utility Enemy 2,Utility,PatrolAction,None,1.00,65.4,0,1.00,0,0.120,0.000,460502312
6.02,Utility Enemy 3,Utility,PatrolAction,None,1.00,17.5,0,1.00,0,0.120,0.000,460502312
6.02,Utility Enemy 14,Utility,PatrolAction,None,1.00,16.6,0,1.00,0,0.120,0.000,460502312
6.02,Utility Enemy 12,Utility,ChaseAction,None,1.00,13.7,0,1.00,0,0.490,0.400,460502312
6.02,Utility Enemy 10,Utility,PatrolAction,None,1.00,35.0,0,1.00,0,0.120,0.000,460502312
6.02,Utility Enemy 7,Utility,PatrolAction,None,1.00,39.6,0,1.00,0,0.120,0.000,460502312
6.02,Utility Enemy 9,Utility,PatrolAction,None,1.00,42.2,0,1.00,0,0.120,0.000,460502312
6.02,Utility Enemy 11,Utility,PatrolAction,None,1.00,44.5,0,1.00,0,0.120,0.000,460502312
6.02,Utility Enemy 1,Utility,PatrolAction,None,1.00,73.6,0,1.00,0,0.120,0.000,460502312
6.02,Utility Enemy 6,Utility,PatrolAction,None,1.00,56.8,0,1.00,0,0.120,0.000,460502312
6.02,Utility Enemy 4,Utility,PatrolAction,None,1.00,63.2,0,1.00,0,0.120,0.000,460502312
6.02,Utility Enemy 8,Utility,PatrolAction,None,1.00,59.1,0,1.00,0,0.120,0.000,460502312
6.02,Utility Enemy 13,Utility,PatrolAction,None,1.00,47.8,0,1.00,0,0.120,0.000,460502312
6.02,Utility Enemy 5,Utility,PatrolAction,None,1.00,65.1,0,1.00,0,0.120,0.000,460502312
7.02,Player,Player,-,None,0.95,,0,0.95,,,,460502312
7.02,FSM Enemy 9,FSM,AttackState,None,1.00,5.4,1,0.95,8,,,460502312
7.02,FSM Enemy 14,FSM,PatrolState,None,1.00,46.9,0,0.95,0,,,460502312
7.02,FSM Enemy 3,FSM,PatrolState,None,1.00,58.0,0,0.95,0,,,460502312
7.02,FSM Enemy 8,FSM,PatrolState,None,1.00,36.3,0,0.95,0,,,460502312
7.02,FSM Enemy 12,FSM,PatrolState,None,1.00,35.4,0,0.95,0,,,460502312
7.02,FSM Enemy 4,FSM,PatrolState,None,1.00,25.2,0,0.95,0,,,460502312
7.02,FSM Enemy 7,FSM,PatrolState,None,1.00,47.3,0,0.95,0,,,460502312
7.02,FSM Enemy 15,FSM,PatrolState,None,1.00,36.3,0,0.95,0,,,460502312
7.02,FSM Enemy 5,FSM,PatrolState,None,1.00,62.4,0,0.95,0,,,460502312
7.02,FSM Enemy 10,FSM,PatrolState,None,1.00,43.1,0,0.95,0,,,460502312
7.02,FSM Enemy 6,FSM,PatrolState,None,1.00,32.7,0,0.95,0,,,460502312
7.02,FSM Enemy 2,FSM,PatrolState,None,1.00,63.2,0,0.95,0,,,460502312
7.02,FSM Enemy 1,FSM,PatrolState,None,1.00,82.9,0,0.95,0,,,460502312
7.02,FSM Enemy 13,FSM,PatrolState,None,1.00,59.8,0,0.95,0,,,460502312
7.02,FSM Enemy 11,FSM,PatrolState,None,1.00,59.4,0,0.95,0,,,460502312
7.02,Utility Enemy 15,Utility,PatrolAction,None,1.00,83.1,0,0.95,0,0.120,0.000,460502312
7.02,Utility Enemy 2,Utility,PatrolAction,None,1.00,68.6,0,0.95,0,0.120,0.000,460502312
7.02,Utility Enemy 3,Utility,PatrolAction,None,1.00,17.6,0,0.95,0,0.120,0.000,460502312
7.02,Utility Enemy 14,Utility,PatrolAction,None,1.00,16.7,0,0.95,0,0.120,0.000,460502312
7.02,Utility Enemy 12,Utility,AttackAction,None,1.00,9.2,1,0.95,0,0.470,0.125,460502312
7.02,Utility Enemy 10,Utility,PatrolAction,None,1.00,30.0,0,0.95,0,0.120,0.000,460502312
7.02,Utility Enemy 7,Utility,PatrolAction,None,1.00,37.2,0,0.95,0,0.120,0.000,460502312
7.02,Utility Enemy 9,Utility,PatrolAction,None,1.00,44.1,0,0.95,0,0.120,0.000,460502312
7.02,Utility Enemy 11,Utility,PatrolAction,None,1.00,41.3,0,0.95,0,0.120,0.000,460502312
7.02,Utility Enemy 1,Utility,PatrolAction,None,1.00,71.2,0,0.95,0,0.120,0.000,460502312
7.02,Utility Enemy 6,Utility,PatrolAction,None,1.00,55.2,0,0.95,0,0.120,0.000,460502312
7.02,Utility Enemy 4,Utility,PatrolAction,None,1.00,67.0,0,0.95,0,0.120,0.000,460502312
7.02,Utility Enemy 8,Utility,PatrolAction,None,1.00,59.4,0,0.95,0,0.120,0.000,460502312
7.02,Utility Enemy 13,Utility,PatrolAction,None,1.00,45.9,0,0.95,0,0.120,0.000,460502312
7.02,Utility Enemy 5,Utility,PatrolAction,None,1.00,68.7,0,0.95,0,0.120,0.000,460502312
8.03,Player,Player,-,None,0.89,,0,0.89,,,,460502312
8.03,FSM Enemy 9,FSM,AttackState,None,1.00,8.4,1,0.89,16,,,460502312
8.03,FSM Enemy 14,FSM,PatrolState,None,1.00,53.9,0,0.89,0,,,460502312
8.03,FSM Enemy 3,FSM,PatrolState,None,1.00,59.5,0,0.89,0,,,460502312
8.03,FSM Enemy 8,FSM,PatrolState,None,1.00,34.1,0,0.89,0,,,460502312
8.03,FSM Enemy 12,FSM,PatrolState,None,1.00,34.9,0,0.89,0,,,460502312
8.03,FSM Enemy 4,FSM,PatrolState,None,1.00,30.5,0,0.89,0,,,460502312
8.03,FSM Enemy 7,FSM,PatrolState,None,1.00,43.0,0,0.89,0,,,460502312
8.03,FSM Enemy 15,FSM,PatrolState,None,1.00,31.4,0,0.89,0,,,460502312
8.03,FSM Enemy 5,FSM,PatrolState,None,1.00,59.7,0,0.89,0,,,460502312
8.03,FSM Enemy 10,FSM,PatrolState,None,1.00,45.2,0,0.89,0,,,460502312
8.03,FSM Enemy 6,FSM,PatrolState,None,1.00,33.1,0,0.89,0,,,460502312
8.03,FSM Enemy 2,FSM,PatrolState,None,1.00,69.2,0,0.89,0,,,460502312
8.03,FSM Enemy 1,FSM,PatrolState,None,1.00,82.8,0,0.89,0,,,460502312
8.03,FSM Enemy 13,FSM,PatrolState,None,1.00,55.9,0,0.89,0,,,460502312
8.03,FSM Enemy 11,FSM,PatrolState,None,1.00,52.3,0,0.89,0,,,460502312
8.03,Utility Enemy 15,Utility,PatrolAction,None,1.00,81.9,0,0.89,0,0.120,0.000,460502312
8.03,Utility Enemy 2,Utility,PatrolAction,None,1.00,71.4,0,0.89,0,0.120,0.000,460502312
8.03,Utility Enemy 3,Utility,PatrolAction,None,1.00,21.6,0,0.89,0,0.120,0.000,460502312
8.03,Utility Enemy 14,Utility,PatrolAction,None,1.00,23.3,0,0.89,0,0.120,0.000,460502312
8.03,Utility Enemy 12,Utility,AttackAction,None,1.00,12.2,1,0.89,0,0.339,0.143,460502312
8.03,Utility Enemy 10,Utility,PatrolAction,None,1.00,25.8,0,0.89,0,0.120,0.000,460502312
8.03,Utility Enemy 7,Utility,PatrolAction,None,1.00,35.9,0,0.89,0,0.120,0.000,460502312
8.03,Utility Enemy 9,Utility,PatrolAction,None,1.00,45.7,0,0.89,0,0.120,0.000,460502312
8.03,Utility Enemy 11,Utility,PatrolAction,None,1.00,34.7,0,0.89,0,0.120,0.000,460502312
8.03,Utility Enemy 1,Utility,PatrolAction,None,1.00,72.0,0,0.89,0,0.120,0.000,460502312
8.03,Utility Enemy 6,Utility,PatrolAction,None,1.00,52.2,0,0.89,0,0.120,0.000,460502312
8.03,Utility Enemy 4,Utility,PatrolAction,None,1.00,68.9,0,0.89,0,0.120,0.000,460502312
8.03,Utility Enemy 8,Utility,PatrolAction,None,1.00,57.6,0,0.89,0,0.120,0.000,460502312
8.03,Utility Enemy 13,Utility,PatrolAction,None,1.00,45.3,0,0.89,0,0.120,0.000,460502312
8.03,Utility Enemy 5,Utility,PatrolAction,None,1.00,71.1,0,0.89,0,0.120,0.000,460502312
9.03,Player,Player,-,EnemyDuplicate,0.84,,0,0.84,,,,460502312
9.03,FSM Enemy 9,FSM,AttackState,EnemyDuplicate,1.00,8.9,1,0.84,24,,,460502312
9.03,FSM Enemy 14,FSM,AttackState,EnemyDuplicate,1.00,55.0,0,0.84,0,,,460502312
9.03,FSM Enemy 3,FSM,AttackState,EnemyDuplicate,1.00,59.6,0,0.84,0,,,460502312
9.03,FSM Enemy 8,FSM,AttackState,EnemyDuplicate,1.00,33.4,0,0.84,0,,,460502312
9.03,FSM Enemy 12,FSM,AttackState,EnemyDuplicate,1.00,33.9,0,0.84,0,,,460502312
9.03,FSM Enemy 4,FSM,AttackState,EnemyDuplicate,1.00,31.2,0,0.84,0,,,460502312
9.03,FSM Enemy 7,FSM,AttackState,EnemyDuplicate,1.00,42.0,0,0.84,0,,,460502312
9.03,FSM Enemy 15,FSM,AttackState,EnemyDuplicate,1.00,30.6,0,0.84,0,,,460502312
9.03,FSM Enemy 5,FSM,AttackState,EnemyDuplicate,1.00,59.3,0,0.84,0,,,460502312
9.03,FSM Enemy 10,FSM,AttackState,EnemyDuplicate,1.00,45.2,0,0.84,0,,,460502312
9.03,FSM Enemy 6,FSM,AttackState,EnemyDuplicate,1.00,33.5,0,0.84,0,,,460502312
9.03,FSM Enemy 2,FSM,AttackState,EnemyDuplicate,1.00,70.3,0,0.84,0,,,460502312
9.03,FSM Enemy 1,FSM,AttackState,EnemyDuplicate,1.00,82.6,0,0.84,0,,,460502312
9.03,FSM Enemy 13,FSM,AttackState,EnemyDuplicate,1.00,55.4,0,0.84,0,,,460502312
9.03,FSM Enemy 11,FSM,AttackState,EnemyDuplicate,1.00,50.9,0,0.84,0,,,460502312
9.03,Utility Enemy 15,Utility,RepositionAction,EnemyDuplicate,1.00,79.5,0,0.84,0,0.650,0.120,460502312
9.03,Utility Enemy 2,Utility,RepositionAction,EnemyDuplicate,1.00,69.6,0,0.84,0,0.650,0.120,460502312
9.03,Utility Enemy 3,Utility,RepositionAction,EnemyDuplicate,1.00,21.4,0,0.84,0,0.650,0.120,460502312
9.03,Utility Enemy 14,Utility,RepositionAction,EnemyDuplicate,1.00,24.2,0,0.84,0,0.650,0.120,460502312
9.03,Utility Enemy 12,Utility,AttackAction,EnemyDuplicate,1.00,12.8,1,0.84,0,1.069,0.775,460502312
9.03,Utility Enemy 10,Utility,RepositionAction,EnemyDuplicate,1.00,21.5,0,0.84,0,0.650,0.120,460502312
9.03,Utility Enemy 7,Utility,RepositionAction,EnemyDuplicate,1.00,34.9,0,0.84,0,0.650,0.120,460502312
9.03,Utility Enemy 9,Utility,RepositionAction,EnemyDuplicate,1.00,44.5,0,0.84,0,0.650,0.120,460502312
9.03,Utility Enemy 11,Utility,RepositionAction,EnemyDuplicate,1.00,31.5,0,0.84,0,0.650,0.120,460502312
9.03,Utility Enemy 1,Utility,RepositionAction,EnemyDuplicate,1.00,71.5,0,0.84,0,0.650,0.120,460502312
9.03,Utility Enemy 6,Utility,RepositionAction,EnemyDuplicate,1.00,53.8,0,0.84,0,0.650,0.120,460502312
9.03,Utility Enemy 4,Utility,RepositionAction,EnemyDuplicate,1.00,69.7,0,0.84,0,0.650,0.120,460502312
9.03,Utility Enemy 8,Utility,RepositionAction,EnemyDuplicate,1.00,56.8,0,0.84,0,0.650,0.120,460502312
9.03,Utility Enemy 13,Utility,RepositionAction,EnemyDuplicate,1.00,45.3,0,0.84,0,0.650,0.120,460502312
9.03,Utility Enemy 5,Utility,RepositionAction,EnemyDuplicate,1.00,69.9,0,0.84,0,0.650,0.120,460502312
10.03,Player,Player,-,WallDisappear,0.73,,0,0.73,,,,460502312
10.03,FSM Enemy 9,FSM,ChaseState,WallDisappear,1.00,8.4,1,0.73,32,,,460502312
10.03,FSM Enemy 14,FSM,ChaseState,WallDisappear,1.00,54.7,0,0.73,0,,,460502312
10.03,FSM Enemy 3,FSM,ChaseState,WallDisappear,1.00,59.3,0,0.73,0,,,460502312
10.03,FSM Enemy 8,FSM,ChaseState,WallDisappear,1.00,33.1,0,0.73,0,,,460502312
10.03,FSM Enemy 12,FSM,ChaseState,WallDisappear,1.00,33.4,0,0.73,0,,,460502312
10.03,FSM Enemy 4,FSM,ChaseState,WallDisappear,1.00,30.8,0,0.73,0,,,460502312
10.03,FSM Enemy 7,FSM,ChaseState,WallDisappear,1.00,41.6,0,0.73,0,,,460502312
10.03,FSM Enemy 15,FSM,ChaseState,WallDisappear,1.00,30.2,0,0.73,0,,,460502312
10.03,FSM Enemy 5,FSM,ChaseState,WallDisappear,1.00,58.9,0,0.73,0,,,460502312
10.03,FSM Enemy 10,FSM,ChaseState,WallDisappear,1.00,44.7,0,0.73,0,,,460502312
10.03,FSM Enemy 6,FSM,ChaseState,WallDisappear,1.00,33.1,0,0.73,0,,,460502312
10.03,FSM Enemy 2,FSM,ChaseState,WallDisappear,1.00,70.0,0,0.73,0,,,460502312
10.03,FSM Enemy 1,FSM,ChaseState,WallDisappear,1.00,82.4,0,0.73,0,,,460502312
10.03,FSM Enemy 13,FSM,ChaseState,WallDisappear,1.00,55.1,0,0.73,0,,,460502312
10.03,FSM Enemy 11,FSM,ChaseState,WallDisappear,1.00,50.5,0,0.73,0,,,460502312
10.03,Utility Enemy 15,Utility,ChaseAction,WallDisappear,1.00,78.1,0,0.73,0,0.850,0.300,460502312
10.03,Utility Enemy 2,Utility,ChaseAction,WallDisappear,1.00,71.3,0,0.73,0,0.850,0.300,460502312
10.03,Utility Enemy 3,Utility,ChaseAction,WallDisappear,1.00,19.4,0,0.73,0,0.850,0.300,460502312
10.03,Utility Enemy 14,Utility,ChaseAction,WallDisappear,1.00,22.7,0,0.73,0,0.850,0.300,460502312
10.03,Utility Enemy 12,Utility,ChaseAction,WallDisappear,1.00,12.7,1,0.73,8,0.850,0.300,460502312
10.03,Utility Enemy 10,Utility,ChaseAction,WallDisappear,1.00,18.8,1,0.73,0,0.882,0.300,460502312
10.03,Utility Enemy 7,Utility,ChaseAction,WallDisappear,1.00,34.0,0,0.73,0,0.850,0.300,460502312
10.03,Utility Enemy 9,Utility,ChaseAction,WallDisappear,1.00,42.8,0,0.73,0,0.850,0.300,460502312
10.03,Utility Enemy 11,Utility,ChaseAction,WallDisappear,1.00,28.6,0,0.73,0,0.850,0.300,460502312
10.03,Utility Enemy 1,Utility,ChaseAction,WallDisappear,1.00,67.5,0,0.73,0,0.850,0.300,460502312
10.03,Utility Enemy 6,Utility,ChaseAction,WallDisappear,1.00,56.0,0,0.73,0,0.850,0.300,460502312
10.03,Utility Enemy 4,Utility,ChaseAction,WallDisappear,1.00,70.5,0,0.73,0,0.850,0.300,460502312
10.03,Utility Enemy 8,Utility,ChaseAction,WallDisappear,1.00,55.7,0,0.73,0,0.850,0.300,460502312
10.03,Utility Enemy 13,Utility,ChaseAction,WallDisappear,1.00,47.1,0,0.73,0,0.850,0.300,460502312
10.03,Utility Enemy 5,Utility,ChaseAction,WallDisappear,1.00,66.8,0,0.73,0,0.850,0.300,460502312
11.03,Player,Player,-,WallDisappear,0.73,,0,0.73,,,,460502312
11.03,FSM Enemy 9,FSM,ChaseState,WallDisappear,1.00,4.0,1,0.73,32,,,460502312
11.03,FSM Enemy 14,FSM,ChaseState,WallDisappear,1.00,51.3,0,0.73,0,,,460502312
11.03,FSM Enemy 3,FSM,ChaseState,WallDisappear,1.00,55.1,0,0.73,0,,,460502312
11.03,FSM Enemy 8,FSM,ChaseState,WallDisappear,1.00,28.8,0,0.73,0,,,460502312
11.03,FSM Enemy 12,FSM,ChaseState,WallDisappear,1.00,30.0,0,0.73,0,,,460502312
11.03,FSM Enemy 4,FSM,ChaseState,WallDisappear,1.00,27.3,0,0.73,0,,,460502312
11.03,FSM Enemy 7,FSM,ChaseState,WallDisappear,1.00,37.8,0,0.73,0,,,460502312
11.03,FSM Enemy 15,FSM,ChaseState,WallDisappear,1.00,28.7,0,0.73,0,,,460502312
11.03,FSM Enemy 5,FSM,ChaseState,WallDisappear,1.00,54.7,0,0.73,0,,,460502312
11.03,FSM Enemy 10,FSM,ChaseState,WallDisappear,1.00,40.7,0,0.73,0,,,460502312
11.03,FSM Enemy 6,FSM,ChaseState,WallDisappear,1.00,28.9,0,0.73,0,,,460502312
11.03,FSM Enemy 2,FSM,ChaseState,WallDisappear,1.00,65.9,0,0.73,0,,,460502312
11.03,FSM Enemy 1,FSM,ChaseState,WallDisappear,1.00,80.1,0,0.73,0,,,460502312
11.03,FSM Enemy 13,FSM,ChaseState,WallDisappear,1.00,51.5,0,0.73,0,,,460502312
11.03,FSM Enemy 11,FSM,ChaseState,WallDisappear,1.00,46.7,0,0.73,0,,,460502312
11.03,Utility Enemy 15,Utility,ChaseAction,WallDisappear,1.00,74.5,0,0.73,0,0.850,0.300,460502312
11.03,Utility Enemy 2,Utility,ChaseAction,WallDisappear,1.00,67.4,0,0.73,0,0.850,0.300,460502312
11.03,Utility Enemy 3,Utility,ChaseAction,WallDisappear,1.00,15.9,1,0.73,0,0.850,0.300,460502312
11.03,Utility Enemy 14,Utility,ChaseAction,WallDisappear,1.00,20.1,0,0.73,0,0.850,0.300,460502312
11.03,Utility Enemy 12,Utility,ChaseAction,WallDisappear,1.00,8.5,1,0.73,8,0.850,0.493,460502312
11.03,Utility Enemy 10,Utility,ChaseAction,WallDisappear,1.00,14.7,1,0.73,0,0.850,0.300,460502312
11.03,Utility Enemy 7,Utility,ChaseAction,WallDisappear,1.00,30.7,0,0.73,0,0.850,0.300,460502312
11.03,Utility Enemy 9,Utility,ChaseAction,WallDisappear,1.00,39.1,0,0.73,0,0.850,0.300,460502312
11.03,Utility Enemy 11,Utility,ChaseAction,WallDisappear,1.00,27.8,0,0.73,0,0.850,0.300,460502312
11.03,Utility Enemy 1,Utility,ChaseAction,WallDisappear,1.00,63.6,0,0.73,0,0.850,0.300,460502312
11.03,Utility Enemy 6,Utility,ChaseAction,WallDisappear,1.00,52.4,0,0.73,0,0.850,0.300,460502312
11.03,Utility Enemy 4,Utility,ChaseAction,WallDisappear,1.00,66.6,0,0.73,0,0.850,0.300,460502312
11.03,Utility Enemy 8,Utility,ChaseAction,WallDisappear,1.00,52.0,0,0.73,0,0.850,0.300,460502312
11.03,Utility Enemy 13,Utility,ChaseAction,WallDisappear,1.00,43.4,0,0.73,0,0.850,0.300,460502312
11.03,Utility Enemy 5,Utility,ChaseAction,WallDisappear,1.00,63.2,0,0.73,0,0.850,0.300,460502312
12.04,Player,Player,-,WallDisappear,0.73,,0,0.73,,,,460502312
12.04,FSM Enemy 9,FSM,ChaseState,WallDisappear,1.00,0.8,1,0.73,32,,,460502312
12.04,FSM Enemy 14,FSM,ChaseState,WallDisappear,1.00,47.6,0,0.73,0,,,460502312
12.04,FSM Enemy 3,FSM,ChaseState,WallDisappear,1.00,50.8,0,0.73,0,,,460502312
12.04,FSM Enemy 8,FSM,ChaseState,WallDisappear,1.00,24.4,0,0.73,0,,,460502312
12.04,FSM Enemy 12,FSM,ChaseState,WallDisappear,1.00,26.7,0,0.73,0,,,460502312
12.04,FSM Enemy 4,FSM,ChaseState,WallDisappear,1.00,24.1,0,0.73,0,,,460502312
12.04,FSM Enemy 7,FSM,ChaseState,WallDisappear,1.00,33.9,0,0.73,0,,,460502312
12.04,FSM Enemy 15,FSM,ChaseState,WallDisappear,1.00,27.8,0,0.73,0,,,460502312
12.04,FSM Enemy 5,FSM,ChaseState,WallDisappear,1.00,50.4,0,0.73,0,,,460502312
12.04,FSM Enemy 10,FSM,ChaseState,WallDisappear,1.00,36.9,0,0.73,0,,,460502312
12.04,FSM Enemy 6,FSM,ChaseState,WallDisappear,1.00,24.4,0,0.73,0,,,460502312
12.04,FSM Enemy 2,FSM,ChaseState,WallDisappear,1.00,61.8,0,0.73,0,,,460502312
12.04,FSM Enemy 1,FSM,ChaseState,WallDisappear,1.00,75.7,0,0.73,0,,,460502312
12.04,FSM Enemy 13,FSM,ChaseState,WallDisappear,1.00,47.7,0,0.73,0,,,460502312
12.04,FSM Enemy 11,FSM,ChaseState,WallDisappear,1.00,42.8,0,0.73,0,,,460502312
12.04,Utility Enemy 15,Utility,ChaseAction,WallDisappear,1.00,70.4,0,0.73,0,0.850,0.300,460502312
12.04,Utility Enemy 2,Utility,ChaseAction,WallDisappear,1.00,63.2,0,0.73,0,0.850,0.300,460502312
12.04,Utility Enemy 3,Utility,ChaseAction,WallDisappear,1.00,11.6,1,0.73,0,0.850,0.323,460502312
12.04,Utility Enemy 14,Utility,ChaseAction,WallDisappear,1.00,18.5,0,0.73,0,0.850,0.300,460502312
12.04,Utility Enemy 12,Utility,ChaseAction,WallDisappear,1.00,4.0,1,0.73,8,0.850,0.743,460502312
12.04,Utility Enemy 10,Utility,ChaseAction,WallDisappear,1.00,10.1,1,0.73,0,0.850,0.401,460502312
12.04,Utility Enemy 7,Utility,ChaseAction,WallDisappear,1.00,27.3,0,0.73,0,0.850,0.300,460502312
12.04,Utility Enemy 9,Utility,ChaseAction,WallDisappear,1.00,35.0,0,0.73,0,0.850,0.300,460502312
12.04,Utility Enemy 11,Utility,ChaseAction,WallDisappear,1.00,27.6,0,0.73,0,0.850,0.300,460502312
12.04,Utility Enemy 1,Utility,ChaseAction,WallDisappear,1.00,59.2,0,0.73,0,0.850,0.300,460502312
12.04,Utility Enemy 6,Utility,ChaseAction,WallDisappear,1.00,48.6,0,0.73,0,0.850,0.300,460502312
12.04,Utility Enemy 4,Utility,ChaseAction,WallDisappear,1.00,62.6,0,0.73,0,0.850,0.300,460502312
12.04,Utility Enemy 8,Utility,ChaseAction,WallDisappear,1.00,48.0,0,0.73,0,0.850,0.300,460502312
12.04,Utility Enemy 13,Utility,ChaseAction,WallDisappear,1.00,39.5,0,0.73,0,0.850,0.300,460502312
12.04,Utility Enemy 5,Utility,ChaseAction,WallDisappear,1.00,58.9,0,0.73,0,0.850,0.300,460502312
13.04,Player,Player,-,WallDisappear,0.68,,0,0.68,,,,460502312
13.04,FSM Enemy 9,FSM,ChaseState,WallDisappear,1.00,0.8,1,0.68,32,,,460502312
13.04,FSM Enemy 14,FSM,ChaseState,WallDisappear,1.00,43.8,0,0.68,0,,,460502312
13.04,FSM Enemy 3,FSM,ChaseState,WallDisappear,1.00,46.3,0,0.68,0,,,460502312
13.04,FSM Enemy 8,FSM,ChaseState,WallDisappear,1.00,23.6,0,0.68,0,,,460502312
13.04,FSM Enemy 12,FSM,ChaseState,WallDisappear,1.00,24.2,0,0.68,0,,,460502312
13.04,FSM Enemy 4,FSM,ChaseState,WallDisappear,1.00,21.3,0,0.68,0,,,460502312
13.04,FSM Enemy 7,FSM,ChaseState,WallDisappear,1.00,31.4,0,0.68,0,,,460502312
13.04,FSM Enemy 15,FSM,ChaseState,WallDisappear,1.00,26.7,0,0.68,0,,,460502312
13.04,FSM Enemy 5,FSM,ChaseState,WallDisappear,1.00,46.2,0,0.68,0,,,460502312
13.04,FSM Enemy 10,FSM,ChaseState,WallDisappear,1.00,33.1,0,0.68,0,,,460502312
13.04,FSM Enemy 6,FSM,ChaseState,WallDisappear,1.00,19.9,0,0.68,0,,,460502312
13.04,FSM Enemy 2,FSM,ChaseState,WallDisappear,1.00,57.7,0,0.68,0,,,460502312
13.04,FSM Enemy 1,FSM,ChaseState,WallDisappear,1.00,71.2,0,0.68,0,,,460502312
13.04,FSM Enemy 13,FSM,ChaseState,WallDisappear,1.00,44.2,0,0.68,0,,,460502312
13.04,FSM Enemy 11,FSM,ChaseState,WallDisappear,1.00,39.1,0,0.68,0,,,460502312
13.04,Utility Enemy 15,Utility,ChaseAction,WallDisappear,1.00,66.0,0,0.68,0,0.850,0.300,460502312
13.04,Utility Enemy 2,Utility,ChaseAction,WallDisappear,1.00,58.7,0,0.68,0,0.850,0.300,460502312
13.04,Utility Enemy 3,Utility,ChaseAction,WallDisappear,1.00,7.1,1,0.68,0,0.850,0.569,460502312
13.04,Utility Enemy 14,Utility,ChaseAction,WallDisappear,1.00,17.6,0,0.68,0,0.850,0.300,460502312
13.04,Utility Enemy 12,Utility,AttackAction,WallDisappear,1.00,1.6,1,0.68,16,0.909,0.850,460502312
13.04,Utility Enemy 10,Utility,ChaseAction,WallDisappear,1.00,5.6,1,0.68,0,0.850,0.653,460502312
13.04,Utility Enemy 7,Utility,ChaseAction,WallDisappear,1.00,24.3,0,0.68,0,0.850,0.300,460502312
13.04,Utility Enemy 9,Utility,ChaseAction,WallDisappear,1.00,31.3,0,0.68,0,0.850,0.300,460502312
13.04,Utility Enemy 11,Utility,ChaseAction,WallDisappear,1.00,26.3,0,0.68,0,0.850,0.300,460502312
13.04,Utility Enemy 1,Utility,ChaseAction,WallDisappear,1.00,54.8,0,0.68,0,0.850,0.300,460502312
13.04,Utility Enemy 6,Utility,ChaseAction,WallDisappear,1.00,45.1,0,0.68,0,0.850,0.300,460502312
13.04,Utility Enemy 4,Utility,ChaseAction,WallDisappear,1.00,58.5,0,0.68,0,0.850,0.300,460502312
13.04,Utility Enemy 8,Utility,ChaseAction,WallDisappear,1.00,44.2,0,0.68,0,0.850,0.300,460502312
13.04,Utility Enemy 13,Utility,ChaseAction,WallDisappear,1.00,35.7,0,0.68,0,0.850,0.300,460502312
13.04,Utility Enemy 5,Utility,ChaseAction,WallDisappear,1.00,54.4,0,0.68,0,0.850,0.300,460502312
14.04,Player,Player,-,WallDisappear,0.52,,0,0.52,,,,460502312
14.04,FSM Enemy 9,FSM,ChaseState,WallDisappear,1.00,0.8,1,0.52,32,,,460502312
14.04,FSM Enemy 14,FSM,ChaseState,WallDisappear,1.00,40.2,0,0.52,0,,,460502312
14.04,FSM Enemy 3,FSM,ChaseState,WallDisappear,1.00,41.9,0,0.52,0,,,460502312
14.04,FSM Enemy 8,FSM,ChaseState,WallDisappear,1.00,23.6,0,0.52,0,,,460502312
14.04,FSM Enemy 12,FSM,ChaseState,WallDisappear,1.00,20.8,0,0.52,0,,,460502312
14.04,FSM Enemy 4,FSM,ChaseState,WallDisappear,1.00,19.2,0,0.52,0,,,460502312
14.04,FSM Enemy 7,FSM,ChaseState,WallDisappear,1.00,29.5,0,0.52,0,,,460502312
14.04,FSM Enemy 15,FSM,ChaseState,WallDisappear,1.00,25.0,0,0.52,0,,,460502312
14.04,FSM Enemy 5,FSM,ChaseState,WallDisappear,1.00,42.0,0,0.52,0,,,460502312
14.04,FSM Enemy 10,FSM,ChaseState,WallDisappear,1.00,29.5,0,0.52,0,,,460502312
14.04,FSM Enemy 6,FSM,ChaseState,WallDisappear,1.00,15.4,1,0.52,0,,,460502312
14.04,FSM Enemy 2,FSM,ChaseState,WallDisappear,1.00,53.6,0,0.52,0,,,460502312
14.04,FSM Enemy 1,FSM,ChaseState,WallDisappear,1.00,66.7,0,0.52,0,,,460502312
14.04,FSM Enemy 13,FSM,ChaseState,WallDisappear,1.00,41.2,0,0.52,0,,,460502312
14.04,FSM Enemy 11,FSM,ChaseState,WallDisappear,1.00,35.7,0,0.52,0,,,460502312
14.04,Utility Enemy 15,Utility,ChaseAction,WallDisappear,1.00,61.6,0,0.52,0,0.850,0.300,460502312
14.04,Utility Enemy 2,Utility,ChaseAction,WallDisappear,1.00,54.2,0,0.52,0,0.850,0.300,460502312
14.04,Utility Enemy 3,Utility,ChaseAction,WallDisappear,1.00,3.5,1,0.52,0,0.850,0.784,460502312
14.04,Utility Enemy 14,Utility,ChaseAction,WallDisappear,1.00,17.9,0,0.52,0,0.850,0.300,460502312
14.04,Utility Enemy 12,Utility,AttackAction,WallDisappear,1.00,1.6,1,0.52,32,0.909,0.850,460502312
14.04,Utility Enemy 10,Utility,AttackAction,WallDisappear,1.00,1.4,1,0.52,8,0.898,0.850,460502312
14.04,Utility Enemy 7,Utility,ChaseAction,WallDisappear,1.00,20.6,0,0.52,0,0.850,0.300,460502312
14.04,Utility Enemy 9,Utility,ChaseAction,WallDisappear,1.00,27.8,0,0.52,0,0.850,0.300,460502312
14.04,Utility Enemy 11,Utility,ChaseAction,WallDisappear,1.00,24.6,0,0.52,0,0.850,0.300,460502312
14.04,Utility Enemy 1,Utility,ChaseAction,WallDisappear,1.00,50.4,0,0.52,0,0.850,0.300,460502312
14.04,Utility Enemy 6,Utility,ChaseAction,WallDisappear,1.00,41.7,0,0.52,0,0.850,0.300,460502312
14.04,Utility Enemy 4,Utility,ChaseAction,WallDisappear,1.00,54.6,0,0.52,0,0.850,0.300,460502312
14.04,Utility Enemy 8,Utility,ChaseAction,WallDisappear,1.00,40.4,0,0.52,0,0.850,0.300,460502312
14.04,Utility Enemy 13,Utility,ChaseAction,WallDisappear,1.00,32.1,0,0.52,0,0.850,0.300,460502312
14.04,Utility Enemy 5,Utility,ChaseAction,WallDisappear,1.00,49.9,0,0.52,0,0.850,0.300,460502312
15.05,Player,Player,-,None,0.36,,0,0.36,,,,460502312
15.05,FSM Enemy 9,FSM,AttackState,None,1.00,1.7,1,0.36,40,,,460502312
15.05,FSM Enemy 14,FSM,PatrolState,None,1.00,38.0,0,0.36,0,,,460502312
15.05,FSM Enemy 3,FSM,PatrolState,None,1.00,39.4,0,0.36,0,,,460502312
15.05,FSM Enemy 8,FSM,PatrolState,None,1.00,23.9,0,0.36,0,,,460502312
15.05,FSM Enemy 12,FSM,AttackState,None,1.00,17.9,1,0.36,0,,,460502312
15.05,FSM Enemy 4,FSM,PatrolState,None,1.00,18.7,0,0.36,0,,,460502312
15.05,FSM Enemy 7,FSM,PatrolState,None,1.00,27.4,0,0.36,0,,,460502312
15.05,FSM Enemy 15,FSM,PatrolState,None,1.00,23.2,0,0.36,0,,,460502312
15.05,FSM Enemy 5,FSM,PatrolState,None,1.00,39.5,0,0.36,0,,,460502312
15.05,FSM Enemy 10,FSM,PatrolState,None,1.00,28.0,0,0.36,0,,,460502312
15.05,FSM Enemy 6,FSM,ChaseState,None,1.00,11.4,0,0.36,0,,,460502312
15.05,FSM Enemy 2,FSM,PatrolState,None,1.00,51.4,0,0.36,0,,,460502312
15.05,FSM Enemy 1,FSM,PatrolState,None,1.00,62.5,0,0.36,0,,,460502312
15.05,FSM Enemy 13,FSM,PatrolState,None,1.00,39.1,0,0.36,0,,,460502312
15.05,FSM Enemy 11,FSM,PatrolState,None,1.00,32.0,0,0.36,0,,,460502312
15.05,Utility Enemy 15,Utility,PatrolAction,None,1.00,56.8,0,0.36,0,0.120,0.000,460502312
15.05,Utility Enemy 2,Utility,PatrolAction,None,1.00,50.1,0,0.36,0,0.120,0.000,460502312
15.05,Utility Enemy 3,Utility,ChaseAction,None,1.00,3.0,1,0.36,0,0.490,0.400,460502312
15.05,Utility Enemy 14,Utility,PatrolAction,None,1.00,19.4,0,0.36,0,0.120,0.000,460502312
15.05,Utility Enemy 12,Utility,AttackAction,None,1.00,2.6,1,0.36,40,0.888,0.125,460502312
15.05,Utility Enemy 10,Utility,AttackAction,None,0.90,1.5,1,0.36,16,0.936,0.125,460502312
15.05,Utility Enemy 7,Utility,SpreadFireAction,None,1.00,17.4,1,0.36,0,0.153,0.125,460502312
15.05,Utility Enemy 9,Utility,PatrolAction,None,1.00,25.6,0,0.36,0,0.120,0.000,460502312
15.05,Utility Enemy 11,Utility,PatrolAction,None,1.00,23.0,0,0.36,0,0.120,0.000,460502312
15.05,Utility Enemy 1,Utility,PatrolAction,None,1.00,45.9,0,0.36,0,0.120,0.000,460502312
15.05,Utility Enemy 6,Utility,PatrolAction,None,1.00,37.5,0,0.36,0,0.120,0.000,460502312
15.05,Utility Enemy 4,Utility,PatrolAction,None,1.00,50.2,0,0.36,0,0.120,0.000,460502312
15.05,Utility Enemy 8,Utility,PatrolAction,None,1.00,36.6,0,0.36,0,0.120,0.000,460502312
15.05,Utility Enemy 13,Utility,PatrolAction,None,1.00,28.4,0,0.36,0,0.120,0.000,460502312
15.05,Utility Enemy 5,Utility,PatrolAction,None,1.00,45.7,0,0.36,0,0.120,0.000,460502312
16.05,Player,Player,-,None,0.00,,0,0.00,,,,460502312
16.05,FSM Enemy 9,FSM,AttackState,None,1.00,3.1,1,0.00,48,,,460502312
16.05,FSM Enemy 14,FSM,PatrolState,None,1.00,41.1,0,0.00,0,,,460502312
16.05,FSM Enemy 3,FSM,PatrolState,None,1.00,43.2,0,0.00,0,,,460502312
16.05,FSM Enemy 8,FSM,PatrolState,None,1.00,27.4,0,0.00,0,,,460502312
16.05,FSM Enemy 12,FSM,AttackState,None,1.00,16.0,1,0.00,8,,,460502312
16.05,FSM Enemy 4,FSM,PatrolState,None,1.00,20.6,0,0.00,0,,,460502312
16.05,FSM Enemy 7,FSM,PatrolState,None,1.00,27.8,0,0.00,0,,,460502312
16.05,FSM Enemy 15,FSM,PatrolState,None,1.00,23.4,0,0.00,0,,,460502312
16.05,FSM Enemy 5,FSM,PatrolState,None,1.00,43.9,0,0.00,0,,,460502312
16.05,FSM Enemy 10,FSM,PatrolState,None,1.00,31.9,0,0.00,0,,,460502312
16.05,FSM Enemy 6,FSM,AttackState,None,1.00,8.2,1,0.00,0,,,460502312
16.05,FSM Enemy 2,FSM,PatrolState,None,1.00,53.7,0,0.00,0,,,460502312
16.05,FSM Enemy 1,FSM,PatrolState,None,1.00,66.0,0,0.00,0,,,460502312
16.05,FSM Enemy 13,FSM,PatrolState,None,1.00,40.6,0,0.00,0,,,460502312
16.05,FSM Enemy 11,FSM,PatrolState,None,1.00,33.9,0,0.00,0,,,460502312
16.05,Utility Enemy 15,Utility,PatrolAction,None,1.00,60.3,0,0.00,0,0.120,0.000,460502312
16.05,Utility Enemy 2,Utility,PatrolAction,None,1.00,54.1,0,0.00,0,0.120,0.000,460502312
16.05,Utility Enemy 3,Utility,AttackAction,None,0.75,3.9,0,0.00,16,0.785,0.211,460502312
16.05,Utility Enemy 14,Utility,PatrolAction,None,1.00,21.6,0,0.00,0,0.120,0.000,460502312
16.05,Utility Enemy 12,Utility,AttackAction,None,1.00,2.9,1,0.00,56,0.840,0.125,460502312
16.05,Utility Enemy 10,Utility,AttackAction,None,0.65,1.4,1,0.00,32,0.922,0.125,460502312
16.05,Utility Enemy 7,Utility,SpreadFireAction,None,1.00,16.6,1,0.00,0,0.161,0.125,460502312
16.05,Utility Enemy 9,Utility,PatrolAction,None,1.00,26.7,0,0.00,0,0.120,0.000,460502312
16.05,Utility Enemy 11,Utility,PatrolAction,None,1.00,21.5,0,0.00,0,0.120,0.000,460502312
16.05,Utility Enemy 1,Utility,PatrolAction,None,1.00,43.7,0,0.00,0,0.120,0.000,460502312
16.05,Utility Enemy 6,Utility,PatrolAction,None,1.00,35.8,0,0.00,0,0.120,0.000,460502312
16.05,Utility Enemy 4,Utility,PatrolAction,None,1.00,54.5,0,0.00,0,0.120,0.000,460502312
16.05,Utility Enemy 8,Utility,PatrolAction,None,1.00,35.1,0,0.00,0,0.120,0.000,460502312
16.05,Utility Enemy 13,Utility,PatrolAction,None,1.00,28.8,0,0.00,0,0.120,0.000,460502312
16.05,Utility Enemy 5,Utility,PatrolAction,None,1.00,47.2,0,0.00,0,0.120,0.000,460502312
